{"initial_reset_timestamp": 1542431847.533545, "timestamps": [1542431855.4632096, 1542431862.9080863, 1542431864.272882], "episode_lengths": [200, 200, 200], "episode_rewards": [-1057.8955022618477, -1804.652074096108, -1156.78858147783], "episode_types": ["t", "t", "t"]}