{"initial_reset_timestamp": 1543615327.2676742, "timestamps": [1543615342.3349993], "episode_lengths": [200], "episode_rewards": [-120.78053229377953], "episode_types": ["t"]}